[
	[
		{
			"ms": 90834,
			"coords": [58.229, 52.777]
		},{
			"ms": 90932,
			"coords": [59.270, 54.629]
		},{
			"ms": 91031,
			"coords": [60, 55.740]
		},{
			"ms": 91132,
			"coords": [60.729, 57.407]
		},{
			"ms": 91235,
			"coords": [60.833, 57.962]
		},{
			"ms": 91336,
			"coords": [61.145, 58.148]
		},{
			"ms": 91437,
			"coords": [60.937, 58.148]
		},{
			"ms": 91537,
			"coords": [60.625, 58.148]
		},{
			"ms": 91638,
			"coords": [60.208, 58.333]
		},{
			"ms": 91739,
			"coords": [59.583, 58.518]
		},{
			"ms": 91839,
			"coords": [58.437, 59.629]
		},{
			"ms": 91937,
			"coords": [58.229, 60.555]
		},{
			"ms": 92035,
			"coords": [58.020, 61.111]
		},{
			"ms": 92135,
			"coords": [58.645, 61.296]
		},{
			"ms": 92236,
			"coords": [59.479, 61.296]
		},{
			"ms": 92337,
			"coords": [60.312, 61.851]
		},{
			"ms": 92437,
			"coords": [60.416, 62.037]
		},{
			"ms": 92538,
			"coords": [60.520, 62.037]
		},{
			"ms": 92639,
			"coords": [60.729, 62.407]
		},{
			"ms": 92739,
			"coords": [60.833, 62.592]
		},{
			"ms": 92839,
			"coords": [61.041, 62.592]
		},{
			"ms": 92940,
			"coords": [61.041, 62.592]
		},{
			"ms": 93039,
			"coords": [60.729, 62.592]
		},{
			"ms": 93137,
			"coords": [60.312, 62.592]
		},{
			"ms": 93236,
			"coords": [60, 62.592]
		},{
			"ms": 93337,
			"coords": [59.062, 62.592]
		},{
			"ms": 93434,
			"coords": [58.437, 62.592]
		},{
			"ms": 93538,
			"coords": [57.812, 62.592]
		},{
			"ms": 93638,
			"coords": [57.604, 62.777]
		},{
			"ms": 93739,
			"coords": [57.187, 63.148]
		},{
			"ms": 93840,
			"coords": [56.875, 63.703]
		},{
			"ms": 93940,
			"coords": [56.875, 63.703]
		},{
			"ms": 94041,
			"coords": [56.979, 64.444]
		},{
			"ms": 94138,
			"coords": [57.1875, 65]
		},{
			"ms": 94236,
			"coords": [57.291, 65]
		},{
			"ms": 94337,
			"coords": [57.5, 65.555]
		},{
			"ms": 94437,
			"coords": [57.708, 65.555]
		},{
			"ms": 94538,
			"coords": [58.020, 65.370]
		},{
			"ms": 94638,
			"coords": [58.541, 64.814]
		},{
			"ms": 94739,
			"coords": [58.854, 64.629]
		},{
			"ms": 94840,
			"coords": [59.270, 64.629]
		},{
			"ms": 94940,
			"coords": [59.479, 65]
		},{
			"ms": 95041,
			"coords": [59.895, 65.370]
		},{
			"ms": 95141,
			"coords": [60, 65.37]
		},{
			"ms": 95240,
			"coords": [60.104, 65.370]
		},{
			"ms": 95338,
			"coords": [60, 65.925]
		},{
			"ms": 95438,
			"coords": [59.791, 66.296]
		},{
			"ms": 95539,
			"coords": [59.479, 66.851]
		},{
			"ms": 95639,
			"coords": [59.479, 67.222]
		},{
			"ms": 95736,
			"coords": [60.208, 67.222]
		},{
			"ms": 95840,
			"coords": [61.041, 66.481]
		},{
			"ms": 95941,
			"coords": [61.25, 66.481]
		},{
			"ms": 96041,
			"coords": [61.458, 66.296]
		},{
			"ms": 96142,
			"coords": [62.5, 66.296]
		},{
			"ms": 96242,
			"coords": [62.916, 66.296]
		},{
			"ms": 96340,
			"coords": [63.125, 66.296]
		},{
			"ms": 96407,
			"coords": [63.437, 66.296]
		},{
			"ms": 96539,
			"coords": [63.645, 66.296]
		},{
			"ms": 96640,
			"coords": [63.854, 65.925]
		},{
			"ms": 96740,
			"coords": [64.062, 65.740]
		},{
			"ms": 96841,
			"coords": [64.166, 65.555]
		},{
			"ms": 96941,
			"coords": [64.270, 65.185]
		},{
			"ms": 97042,
			"coords": [64.270, 64.629]
		},{
			"ms": 97143,
			"coords": [64.270, 64.629]
		},{
			"ms": 97243,
			"coords": [64.270, 64.629]
		},{
			"ms": 97342,
			"coords": [64.062, 64.444]
		},{
			"ms": 97442,
			"coords": [63.75, 64.444]
		},{
			"ms": 97540,
			"coords": [63.541, 64.444]
		},{
			"ms": 97640,
			"coords": [63.229, 64.444]
		}
	],[
		{
			"ms": 101190,
			"coords": [54.375, 63.518]
		},{
			"ms": 101290,
			"coords": [54.687, 64.444]
		},{
			"ms": 101390,
			"coords": [54.895, 65.370]
		},{
			"ms": 101490,
			"coords": [54.895, 65.185]
		},{
			"ms": 101590,
			"coords": [55.104, 64.444]
		},{
			"ms": 101690,
			"coords": [55.312, 64.629]
		},{
			"ms": 101790,
			"coords": [54.895, 65]
		},{
			"ms": 101890,
			"coords": [54.270, 65.185]
		},{
			"ms": 101990,
			"coords": [53.437, 65.555]
		},{
			"ms": 102090,
			"coords": [53.125, 65.740]
		},{
			"ms": 102190,
			"coords": [53.125, 65.740]
		},{
			"ms": 102290,
			"coords": [52.291, 65.555]
		},{
			"ms": 102390,
			"coords": [51.770, 65.370]
		},{
			"ms": 102490,
			"coords": [50.937, 65.370]
		},{
			"ms": 102590,
			"coords": [50.833, 65.370]
		},{
			"ms": 102690,
			"coords": [50.833, 65.370]
		},{
			"ms": 102790,
			"coords": [51.25, 65.37]
		},{
			"ms": 102890,
			"coords": [51.562, 65.185]
		},{
			"ms": 102990,
			"coords": [51.979, 63.888]
		},{
			"ms": 103090,
			"coords": [51.770, 63.703]
		},{
			"ms": 103190,
			"coords": [51.458, 63.333]
		},{
			"ms": 103290,
			"coords": [50.833, 63.148]
		},{
			"ms": 103390,
			"coords": [50.416, 62.962]
		},{
			"ms": 103490,
			"coords": [49.791, 62.222]
		},{
			"ms": 103590,
			"coords": [49.375, 61.296]
		},{
			"ms": 103690,
			"coords": [49.270, 60.925]
		},{
			"ms": 103790,
			"coords": [49.270, 60.370]
		},{
			"ms": 103890,
			"coords": [49.375, 59.259]
		},{
			"ms": 103990,
			"coords": [49.583, 58.888]
		},{
			"ms": 104090,
			"coords": [49.895, 58.333]
		},{
			"ms": 104190,
			"coords": [50.520, 57.222]
		},{
			"ms": 104290,
			"coords": [50.625, 56.481]
		},{
			"ms": 104390,
			"coords": [50.833, 56.111]
		},{
			"ms": 104490,
			"coords": [52.187, 56.296]
		},{
			"ms": 104590,
			"coords": [52.708, 57.037]
		},{
			"ms": 104690,
			"coords": [53.437, 58.518]
		},{
			"ms": 104790,
			"coords": [53.958, 59.814]
		},{
			"ms": 104890,
			"coords": [54.270, 60.925]
		},{
			"ms": 104990,
			"coords": [54.375, 61.666]
		},{
			"ms": 105090,
			"coords": [54.375, 62.777]
		},{
			"ms": 105190,
			"coords": [54.479, 63.703]
		},{
			"ms": 105290,
			"coords": [54.583, 64.074]
		},{
			"ms": 105390,
			"coords": [54.687, 64.444]
		},{
			"ms": 105490,
			"coords": [54.791, 64.629]
		},{
			"ms": 105590,
			"coords": [54.270, 65.185]
		},{
			"ms": 105690,
			"coords": [53.958, 65.370]
		},{
			"ms": 105790,
			"coords": [53.229, 65]
		},{
			"ms": 105890,
			"coords": [52.708, 65]
		},{
			"ms": 105990,
			"coords": [53.125, 65.740]
		},{
			"ms": 106090,
			"coords": [53.75, 66.111]
		},{
			"ms": 106190,
			"coords": [54.479, 66.666]
		},{
			"ms": 106290,
			"coords": [55.104, 66.851]
		},{
			"ms": 106390,
			"coords": [55.937, 66.111]
		},{
			"ms": 106490,
			"coords": [56.354, 64.259]
		},{
			"ms": 106590,
			"coords": [56.354, 62.777]
		},{
			"ms": 106690,
			"coords": [55.937, 62.407]
		},{
			"ms": 106790,
			"coords": [55.520, 61.851]
		},{
			"ms": 106890,
			"coords": [54.583, 62.407]
		},{
			"ms": 106990,
			"coords": [53.645, 62.962]
		},{
			"ms": 107090,
			"coords": [53.020, 62.962]
		}
	],[
		{
			"ms": 117740,
			"coords": [27.187, 42.037]
		},{
			"ms": 117840,
			"coords": [27.708, 42.037]
		},{
			"ms": 117940,
			"coords": [28.645, 42.777]
		},{
			"ms": 118040,
			"coords": [28.958, 43.148]
		},{
			"ms": 118140,
			"coords": [29.270, 43.518]
		},{
			"ms": 118240,
			"coords": [29.479, 43.703]
		},{
			"ms": 118340,
			"coords": [29.791, 43.888]
		},{
			"ms": 118440,
			"coords": [30.312, 44.074]
		},{
			"ms": 118540,
			"coords": [30.729, 44.259]
		},{
			"ms": 118640,
			"coords": [31.666, 44.259]
		},{
			"ms": 118740,
			"coords": [31.979, 44.259]
		},{
			"ms": 118840,
			"coords": [32.395, 44.259]
		},{
			"ms": 118940,
			"coords": [33.125, 44.629]
		},{
			"ms": 119040,
			"coords": [33.75, 44.814]
		},{
			"ms": 119140,
			"coords": [34.062, 44.259]
		},{
			"ms": 119240,
			"coords": [34.062, 44.074]
		},{
			"ms": 119340,
			"coords": [34.166, 43.333]
		},{
			"ms": 119440,
			"coords": [33.958, 43.148]
		},{
			"ms": 119540,
			"coords": [33.75, 43.148]
		},{
			"ms": 119640,
			"coords": [33.645, 43.148]
		},{
			"ms": 119740,
			"coords": [33.020, 44.074]
		},{
			"ms": 119810,
			"coords": [32.708, 44.259]
		},{
			"ms": 119940,
			"coords": [32.604, 44.444]
		},{
			"ms": 120040,
			"coords": [32.291, 44.814]
		},{
			"ms": 120140,
			"coords": [31.458, 45]
		},{
			"ms": 120240,
			"coords": [30.520, 44.444]
		},{
			"ms": 120340,
			"coords": [30, 43.148]
		},{
			"ms": 120440,
			"coords": [29.062, 42.222]
		},{
			"ms": 120540,
			"coords": [28.229, 40.555]
		},{
			"ms": 120640,
			"coords": [27.916, 40.370]
		},{
			"ms": 120740,
			"coords": [27.5, 40.37]
		},{
			"ms": 120840,
			"coords": [27.083, 39.814]
		},{
			"ms": 120940,
			"coords": [26.666, 38.888]
		},{
			"ms": 121040,
			"coords": [26.354, 38.518]
		},{
			"ms": 121140,
			"coords": [25.416, 37.777]
		},{
			"ms": 121240,
			"coords": [25.104, 37.407]
		},{
			"ms": 121340,
			"coords": [24.791, 36.851]
		},{
			"ms": 121440,
			"coords": [24.687, 36.666]
		},{
			"ms": 121540,
			"coords": [25.104, 36.666]
		},{
			"ms": 121640,
			"coords": [25.833, 37.037]
		},{
			"ms": 121740,
			"coords": [26.145, 37.037]
		},{
			"ms": 121840,
			"coords": [27.604, 37.962]
		},{
			"ms": 121940,
			"coords": [27.812, 38.148]
		},{
			"ms": 122040,
			"coords": [28.333, 38.148]
		},{
			"ms": 122140,
			"coords": [28.958, 38.148]
		},{
			"ms": 122240,
			"coords": [29.687, 38.148]
		},{
			"ms": 122340,
			"coords": [30.833, 37.592]
		},{
			"ms": 122440,
			"coords": [31.458, 37.037]
		},{
			"ms": 122540,
			"coords": [31.979, 36.296]
		},{
			"ms": 122640,
			"coords": [32.395, 35.925]
		},{
			"ms": 122740,
			"coords": [32.291, 35.555]
		},{
			"ms": 122850,
			"coords": [31.770, 35.370]
		},{
			"ms": 122940,
			"coords": [31.5625, 35]
		},{
			"ms": 123040,
			"coords": [30.833, 34.629]
		},{
			"ms": 123140,
			"coords": [30.104, 34.074]
		},{
			"ms": 123240,
			"coords": [29.791, 33.703]
		},{
			"ms": 123340,
			"coords": [29.166, 33.518]
		},{
			"ms": 123440,
			"coords": [28.541, 33.518]
		},{
			"ms": 123540,
			"coords": [27.812, 33.518]
		},{
			"ms": 123640,
			"coords": [26.666, 33.703]
		},{
			"ms": 123740,
			"coords": [25.312, 33.703]
		}
	],[
		{
			"ms": 117670,
			"coords": [72.812, 76.296]
		},{
			"ms": 117770,
			"coords": [73.020, 76.296]
		},{
			"ms": 117870,
			"coords": [73.541, 77.222]
		},{
			"ms": 117970,
			"coords": [74.375, 77.037]
		},{
			"ms": 118070,
			"coords": [74.895, 76.851]
		},{
			"ms": 118170,
			"coords": [75.104, 75.925]
		},{
			"ms": 118280,
			"coords": [74.687, 74.259]
		},{
			"ms": 118380,
			"coords": [74.166, 73.333]
		},{
			"ms": 118480,
			"coords": [73.958, 72.777]
		},{
			"ms": 118570,
			"coords": [73.645, 73.148]
		},{
			"ms": 118670,
			"coords": [73.333, 73.703]
		},{
			"ms": 118770,
			"coords": [72.916, 73.888]
		},{
			"ms": 118870,
			"coords": [72.604, 73.888]
		},{
			"ms": 118970,
			"coords": [72.395, 73.888]
		},{
			"ms": 119070,
			"coords": [72.083, 73.888]
		},{
			"ms": 119170,
			"coords": [71.145, 73.888]
		},{
			"ms": 119280,
			"coords": [70.937, 73.888]
		},{
			"ms": 119380,
			"coords": [70.625, 73.888]
		},{
			"ms": 119480,
			"coords": [70.208, 73.888]
		},{
			"ms": 119580,
			"coords": [69.687, 73.888]
		},{
			"ms": 119680,
			"coords": [69.375, 73.888]
		},{
			"ms": 119770,
			"coords": [69.062, 73.888]
		},{
			"ms": 119870,
			"coords": [68.854, 73.888]
		},{
			"ms": 119970,
			"coords": [69.062, 73.703]
		},{
			"ms": 120080,
			"coords": [69.270, 73.333]
		},{
			"ms": 120170,
			"coords": [69.375, 73.333]
		},{
			"ms": 120280,
			"coords": [69.583, 73.333]
		},{
			"ms": 120380,
			"coords": [69.687, 73.148]
		},{
			"ms": 120480,
			"coords": [70.104, 72.962]
		},{
			"ms": 120580,
			"coords": [70.312, 72.962]
		},{
			"ms": 120680,
			"coords": [70.520, 72.777]
		},{
			"ms": 120780,
			"coords": [70.625, 72.777]
		},{
			"ms": 120870,
			"coords": [70.833, 72.777]
		},{
			"ms": 120970,
			"coords": [70.937, 72.777]
		},{
			"ms": 121070,
			"coords": [71.041, 72.777]
		},{
			"ms": 121180,
			"coords": [71.041, 72.777]
		},{
			"ms": 121280,
			"coords": [70.729, 72.777]
		},{
			"ms": 121380,
			"coords": [70.729, 72.777]
		},{
			"ms": 121480,
			"coords": [70.520, 72.777]
		},{
			"ms": 121580,
			"coords": [70.416, 72.777]
		},{
			"ms": 121680,
			"coords": [70.312, 72.777]
		},{
			"ms": 121780,
			"coords": [70.416, 73.148]
		},{
			"ms": 121880,
			"coords": [70.729, 73.148]
		},{
			"ms": 121980,
			"coords": [70.833, 73.333]
		},{
			"ms": 122080,
			"coords": [71.041, 73.518]
		},{
			"ms": 122180,
			"coords": [71.25, 73.518]
		},{
			"ms": 122280,
			"coords": [71.666, 74.074]
		},{
			"ms": 122380,
			"coords": [71.770, 74.074]
		},{
			"ms": 122480,
			"coords": [72.083, 74.259]
		},{
			"ms": 122580,
			"coords": [72.291, 74.629]
		},{
			"ms": 122680,
			"coords": [72.395, 75]
		},{
			"ms": 122780,
			"coords": [72.083, 75]
		},{
			"ms": 122880,
			"coords": [71.979, 75]
		},{
			"ms": 122980,
			"coords": [71.5625, 75]
		},{
			"ms": 123080,
			"coords": [70.937, 74.629]
		},{
			"ms": 123180,
			"coords": [70.416, 74.074]
		},{
			"ms": 123280,
			"coords": [70.208, 73.888]
		},{
			"ms": 123380,
			"coords": [69.687, 73.888]
		},{
			"ms": 123480,
			"coords": [69.166, 73.703]
		}
	],[
		{
			"ms": 125250,
			"coords": [63.645, 62.407]
		},{
			"ms": 125350,
			"coords": [63.958, 62.592]
		},{
			"ms": 125450,
			"coords": [64.479, 62.592]
		},{
			"ms": 125550,
			"coords": [64.687, 62.592]
		},{
			"ms": 125650,
			"coords": [64.895, 62.592]
		},{
			"ms": 125750,
			"coords": [65.104, 62.592]
		},{
			"ms": 125850,
			"coords": [65.104, 62.592]
		},{
			"ms": 125950,
			"coords": [65.520, 62.592]
		},{
			"ms": 126050,
			"coords": [65.729, 62.592]
		},{
			"ms": 126150,
			"coords": [66.145, 62.592]
		},{
			"ms": 126250,
			"coords": [66.354, 62.037]
		},{
			"ms": 126350,
			"coords": [66.354, 61.296]
		},{
			"ms": 126450,
			"coords": [66.145, 60.740]
		},{
			"ms": 126550,
			"coords": [65.729, 60]
		},{
			"ms": 126650,
			"coords": [65.416, 59.629]
		},{
			"ms": 126750,
			"coords": [64.895, 59.629]
		},{
			"ms": 126820,
			"coords": [64.583, 59.629]
		},{
			"ms": 126950,
			"coords": [64.270, 59.629]
		},{
			"ms": 127050,
			"coords": [63.645, 59.629]
		},{
			"ms": 127150,
			"coords": [63.125, 59.629]
		},{
			"ms": 127250,
			"coords": [63.333, 60]
		},{
			"ms": 127350,
			"coords": [63.75, 60]
		},{
			"ms": 127450,
			"coords": [63.958, 60]
		},{
			"ms": 127550,
			"coords": [64.375, 60]
		},{
			"ms": 127650,
			"coords": [64.583, 60]
		},{
			"ms": 127750,
			"coords": [64.687, 60.555]
		},{
			"ms": 127850,
			"coords": [65, 60.740]
		},{
			"ms": 127950,
			"coords": [65.416, 60.925]
		},{
			"ms": 128050,
			"coords": [65.729, 61.296]
		},{
			"ms": 128150,
			"coords": [66.041, 61.296]
		},{
			"ms": 128250,
			"coords": [66.145, 61.851]
		},{
			"ms": 128350,
			"coords": [66.145, 62.222]
		},{
			"ms": 128450,
			"coords": [65.208, 62.592]
		},{
			"ms": 128550,
			"coords": [64.895, 62.592]
		},{
			"ms": 128650,
			"coords": [64.479, 62.222]
		},{
			"ms": 128750,
			"coords": [64.166, 62.037]
		},{
			"ms": 128850,
			"coords": [63.333, 60.925]
		},{
			"ms": 128950,
			"coords": [62.708, 59.444]
		},{
			"ms": 129050,
			"coords": [61.770, 58.703]
		}
	],[
		{
			"ms": 130150,
			"coords": [45, 49.629]
		},{
			"ms": 130250,
			"coords": [45.312, 50.370]
		},{
			"ms": 130350,
			"coords": [45.625, 50.740]
		},{
			"ms": 130450,
			"coords": [46.145, 50.740]
		},{
			"ms": 130550,
			"coords": [46.770, 50.370]
		},{
			"ms": 130650,
			"coords": [47.604, 49.814]
		},{
			"ms": 130750,
			"coords": [48.541, 48.333]
		},{
			"ms": 130850,
			"coords": [48.645, 48.148]
		},{
			"ms": 130950,
			"coords": [49.166, 48.148]
		},{
			"ms": 131050,
			"coords": [49.583, 48.148]
		},{
			"ms": 131150,
			"coords": [49.791, 48.518]
		},{
			"ms": 131250,
			"coords": [50.520, 48.333]
		},{
			"ms": 131350,
			"coords": [50.833, 47.592]
		},{
			"ms": 131450,
			"coords": [50.833, 46.296]
		},{
			"ms": 131550,
			"coords": [50.937, 45.185]
		},{
			"ms": 131650,
			"coords": [50.729, 44.444]
		},{
			"ms": 131750,
			"coords": [50.208, 44.074]
		},{
			"ms": 131850,
			"coords": [49.479, 44.259]
		},{
			"ms": 131950,
			"coords": [49.062, 44.629]
		},{
			"ms": 132050,
			"coords": [49.583, 44.629]
		},{
			"ms": 132150,
			"coords": [50, 44.444]
		},{
			"ms": 132250,
			"coords": [50.312, 44.259]
		},{
			"ms": 132350,
			"coords": [50.520, 44.259]
		},{
			"ms": 132450,
			"coords": [50.520, 44.259]
		},{
			"ms": 132560,
			"coords": [50.520, 44.259]
		},{
			"ms": 132660,
			"coords": [50.104, 44.259]
		},{
			"ms": 132750,
			"coords": [49.687, 44.444]
		},{
			"ms": 132850,
			"coords": [49.375, 44.444]
		},{
			"ms": 132950,
			"coords": [48.645, 44.629]
		},{
			"ms": 133050,
			"coords": [48.437, 44.814]
		},{
			"ms": 133150,
			"coords": [48.333, 45.925]
		},{
			"ms": 133250,
			"coords": [48.125, 47.777]
		},{
			"ms": 133350,
			"coords": [47.708, 49.629]
		},{
			"ms": 133450,
			"coords": [47.5, 50.37]
		},{
			"ms": 133550,
			"coords": [47.5, 51.111]
		},{
			"ms": 133660,
			"coords": [47.395, 51.666]
		},{
			"ms": 133760,
			"coords": [46.979, 52.407]
		},{
			"ms": 133860,
			"coords": [46.562, 53.703]
		},{
			"ms": 133950,
			"coords": [45.937, 54.814]
		},{
			"ms": 134050,
			"coords": [45.416, 55.740]
		},{
			"ms": 134150,
			"coords": [45, 56.481]
		},{
			"ms": 134250,
			"coords": [44.375, 57.222]
		},{
			"ms": 134350,
			"coords": [43.958, 58.148]
		},{
			"ms": 134450,
			"coords": [43.958, 58.148]
		},{
			"ms": 134560,
			"coords": [45.104, 59.259]
		},{
			"ms": 134660,
			"coords": [45.833, 59.444]
		},{
			"ms": 134760,
			"coords": [46.25, 60.555]
		},{
			"ms": 134860,
			"coords": [46.666, 61.481]
		},{
			"ms": 134950,
			"coords": [46.979, 61.666]
		},{
			"ms": 135040,
			"coords": [47.5, 61.666]
		},{
			"ms": 135150,
			"coords": [47.708, 61.851]
		},{
			"ms": 135250,
			"coords": [48.020, 61.851]
		},{
			"ms": 135350,
			"coords": [48.229, 61.851]
		},{
			"ms": 135450,
			"coords": [48.333, 63.148]
		},{
			"ms": 135560,
			"coords": [48.437, 64.259]
		},{
			"ms": 135660,
			"coords": [48.437, 65.740]
		},{
			"ms": 135760,
			"coords": [48.437, 66.851]
		},{
			"ms": 135860,
			"coords": [48.854, 67.037]
		},{
			"ms": 135960,
			"coords": [49.687, 67.222]
		}
	],[
		{
			"ms": 136630,
			"coords": [41.562, 67.962]
		},{
			"ms": 136740,
			"coords": [41.666, 68.888]
		},{
			"ms": 136840,
			"coords": [41.770, 68.888]
		},{
			"ms": 136940,
			"coords": [42.187, 68.703]
		},{
			"ms": 137040,
			"coords": [42.395, 68.333]
		},{
			"ms": 137140,
			"coords": [42.187, 67.962]
		},{
			"ms": 137240,
			"coords": [41.979, 67.962]
		},{
			"ms": 137340,
			"coords": [41.875, 67.962]
		},{
			"ms": 137440,
			"coords": [41.770, 68.703]
		},{
			"ms": 137540,
			"coords": [41.562, 69.259]
		},{
			"ms": 137640,
			"coords": [41.562, 69.629]
		},{
			"ms": 137740,
			"coords": [41.562, 70.185]
		},{
			"ms": 137840,
			"coords": [41.562, 70.740]
		},{
			"ms": 137940,
			"coords": [41.562, 70.925]
		},{
			"ms": 138040,
			"coords": [41.666, 71.111]
		},{
			"ms": 138140,
			"coords": [41.666, 71.111]
		},{
			"ms": 138240,
			"coords": [42.187, 71.666]
		},{
			"ms": 138340,
			"coords": [42.291, 72.407]
		},{
			"ms": 138440,
			"coords": [42.291, 72.962]
		},{
			"ms": 138540,
			"coords": [42.187, 73.703]
		},{
			"ms": 138640,
			"coords": [41.875, 74.074]
		},{
			"ms": 138740,
			"coords": [41.562, 74.259]
		},{
			"ms": 138820,
			"coords": [41.145, 74.074]
		},{
			"ms": 138940,
			"coords": [40.937, 73.703]
		},{
			"ms": 139040,
			"coords": [40.833, 72.777]
		},{
			"ms": 139140,
			"coords": [40.729, 72.407]
		},{
			"ms": 139240,
			"coords": [40.625, 71.851]
		},{
			"ms": 139340,
			"coords": [40.625, 71.481]
		},{
			"ms": 139440,
			"coords": [40.625, 70.740]
		},{
			"ms": 139540,
			"coords": [40.729, 70.185]
		},{
			"ms": 139640,
			"coords": [40.937, 70.185]
		},{
			"ms": 139740,
			"coords": [41.458, 70.185]
		},{
			"ms": 139840,
			"coords": [42.291, 70.185]
		},{
			"ms": 139940,
			"coords": [43.333, 69.814]
		},{
			"ms": 140040,
			"coords": [43.958, 69.444]
		},{
			"ms": 140140,
			"coords": [44.791, 68.703]
		},{
			"ms": 140240,
			"coords": [45.729, 67.222]
		},{
			"ms": 140340,
			"coords": [46.25, 63.703]
		},{
			"ms": 140440,
			"coords": [46.354, 61.296]
		},{
			"ms": 140540,
			"coords": [46.354, 60.370]
		},{
			"ms": 140640,
			"coords": [46.25, 60]
		},{
			"ms": 140740,
			"coords": [46.145, 60]
		},{
			"ms": 140840,
			"coords": [45.625, 59.444]
		},{
			"ms": 140940,
			"coords": [45.625, 59.444]
		},{
			"ms": 141010,
			"coords": [45.625, 59.074]
		},{
			"ms": 141140,
			"coords": [45.625, 59.074]
		},{
			"ms": 141240,
			"coords": [45.520, 58.518]
		},{
			"ms": 141340,
			"coords": [45.520, 58.518]
		},{
			"ms": 141440,
			"coords": [45.520, 58.148]
		},{
			"ms": 141540,
			"coords": [46.041, 57.592]
		},{
			"ms": 141640,
			"coords": [46.25, 57.592]
		},{
			"ms": 141740,
			"coords": [46.875, 57.407]
		},{
			"ms": 141850,
			"coords": [47.187, 57.407]
		},{
			"ms": 141940,
			"coords": [47.5, 57.407]
		},{
			"ms": 142040,
			"coords": [47.812, 57.777]
		},{
			"ms": 142140,
			"coords": [48.125, 57.962]
		},{
			"ms": 142240,
			"coords": [48.333, 58.518]
		},{
			"ms": 142340,
			"coords": [48.645, 59.814]
		},{
			"ms": 142440,
			"coords": [49.166, 60.740]
		},{
			"ms": 142540,
			"coords": [49.375, 61.111]
		},{
			"ms": 142640,
			"coords": [49.479, 61.666]
		},{
			"ms": 142740,
			"coords": [49.687, 62.222]
		},{
			"ms": 142850,
			"coords": [49.687, 62.962]
		},{
			"ms": 142950,
			"coords": [49.791, 63.703]
		},{
			"ms": 143040,
			"coords": [50, 65]
		},{
			"ms": 143140,
			"coords": [50, 65.925]
		},{
			"ms": 143240,
			"coords": [50, 67.222]
		},{
			"ms": 143340,
			"coords": [49.895, 67.777]
		}
	]
]