{
	"name": "media",
	"title": "jQuery.media",
	"description": "jQuery based library to manage video and audio html5 elements",
	"keywords": ["audio", "video", "media"],
	"version": "2.1.3",
	"author": {
		"name": "Oscar Otero",
		"url": "http://oscarotero.com"
	},
	"licenses": [
		{
			"type": "AGPL-3.0",
			"url": "http://opensource.org/licenses/AGPL-3.0"
		}
	],
	"homepage": "https://github.com/oscarotero/jQuery.media",
	"bugs": "https://github.com/oscarotero/jQuery.media/issues",
	"docs": "https://github.com/oscarotero/jQuery.media",

	"dependencies": {
		"jquery": ">=1.7"
	}
}
